<?xml version="1.0"?>
<psalm
    errorLevel="4"
    findUnusedVariablesAndParams="true"
    resolveFromConfigFile="true"
    useDocblockPropertyTypes="true"
    xmlns:xsi="http://www.w3.org/2001/XMLSchema-instance"
    xmlns="https://getpsalm.org/schema/config"
    xsi:schemaLocation="https://getpsalm.org/schema/config vendor/vimeo/psalm/config.xsd"
>
    <projectFiles>
        <directory name="src"/>
    </projectFiles>

    <issueHandlers>
        <InvalidArgument>
            <errorLevel type="suppress">
                <file name="src/Resources/Site.php"/>
                <file name="src/Resources/User.php"/>
            </errorLevel>
        </InvalidArgument>
    </issueHandlers>

    <plugins>
        <pluginClass class="Psalm\LaravelPlugin\Plugin"/>
    </plugins>
</psalm>
